{
  "title": "en.wikipedia.org/wiki/Dialogue_tree",
  "background_image_id": "lawyer_background.png",
  "graph": {
    "root": "START",
    "nodes": [
      {
        "id": "START",
        "text": "You don't look like you're from around here.",
        "graphics": {
          "animation": "lawyer_paper",
          "offset": [
            0,
            70
          ]
        },
        "choices": [
          [
            "I've lived here all my life!",
            "MR_BOWLER_QUESTION"
          ],
          [
            "I came here from Newton.",
            "NEWTON_TROUBLE_QUESTION"
          ]
        ]
      },
      {
        "id": "MR_BOWLER_QUESTION",
        "text": "Oh really? Then you must know Mr. Bowler.",
        "graphics": {
          "animation": "lawyer_thinking",
          "offset": [
            0,
            40
          ]
        },
        "choices": [
          [
            "Mr. Bowler is a good friend of mine!",
            "LIAR_1"
          ],
          [
            "Who?",
            "DONT_WORRY"
          ]
        ]
      },
      {
        "id": "NEWTON_TROUBLE_QUESTION",
        "text": "Newton, eh? I heard there's trouble brewing down there.",
        "graphics": {
          "animation": "lawyer_forward",
          "offset": [
            0,
            60
          ]
        },
        "choices": [
          [
            "I haven't heard about any trouble.",
            "DONT_WORRY"
          ],
          [
            "Did I say Newton? I'm actually from Springville.",
            "MR_BOWLER_QUESTION"
          ]
        ]
      },
      {
        "id": "LIAR_1",
        "text": "",
        "sound": "hold_it.ogg",
        "graphics": {
          "screen_shake": 300,
          "image": "hold_it.png"
        },
        "choices": [
          [
            "...",
            "LIAR_2"
          ]
        ]
      },
      {
        "id": "LIAR_2",
        "text": "You liar! There ain't no Mr. Bowler. I made him up!",
        "graphics": {
          "animation": "lawyer_forward",
          "offset": [
            0,
            50
          ]
        },
        "choices": [
          [
            "...",
            "GAME_OVER"
          ]
        ]
      },
      {
        "id": "DONT_WORRY",
        "text": "Don't you worry about it. Say, do you have something to eat? I'm starving.",
        "graphics": {
          "animation": "lawyer_embarrassed",
          "offset": [
            0,
            70
          ]
        },
        "choices": [
          [
            "...",
            "VICTORY"
          ]
        ]
      },
      {
        "id": "GAME_OVER",
        "text": "",
        "sound": "take_that.ogg",
        "graphics": {
          "screen_shake": 300,
          "image": "take_that.png"
        },
        "choices": [
          [
            "Start over.",
            "START"
          ]
        ]
      },
      {
        "id": "VICTORY",
        "text": "[YOU WON]",
        "sound": "applause.ogg",
        "graphics": {
          "animation": "lawyer_triumph",
          "offset": [
            0,
            70
          ],
          "instant_text": true
        },
        "choices": [
          [
            "Play again.",
            "START"
          ]
        ]
      }
    ]
  }
}